id,date,renderedContent,likeCount,retweetCount,replyCount,inReplyToTweetId,hashtags
1644473806835048448,2023-04-07 22:54:43+00:00,Discussing Natural Language Processing &amp; Social Media Censorship on @FoxBusiness   â€œYou can put guardrails on it as long as those guardrails arenâ€™t used as a form of censorship.   Who is the arbiter of the #AI guardrails?â€   -@sparklingruby https://t.co/TpJ2jzPX3q,24,3,7,,['AI']
1644470859116036099,2023-04-07 22:43:00+00:00,Is consciousness everywhere? #AI ethics researcher Nell Watson explores the evidence â€“ from neurons to the cosmic web â¡ï¸ magazine.mindplex.ai/substrate-indeâ€¦ https://t.co/d4IBQkD6q1,40,5,3,,['AI']
1644469789669183491,2023-04-07 22:38:45+00:00,"Great book! &gt;&gt;&gt; ""Becoming a Data Head: How to Think\, Speak\, and Understand #DataScience\, #Statistics\, and #MachineLearning"" at amzn.to/3uwMfwR by @GutmanDataHead and @JLOOKUP_  â€”â€”â€”â€”â€” #BigData #Analytics #DataScientist #AI #ML #DataLiteracy #DeepLearning #NeuralNetworks https://t.co/160rfYSlJg",26,10,0,,"['DataScience', 'Statistics', 'MachineLearning', 'BigData', 'Analytics', 'DataScientist', 'AI', 'ML', 'DataLiteracy', 'DeepLearning', 'NeuralNetworks']"
1644469669523324931,2023-04-07 22:38:16+00:00,"""Pragmatic #MachineLearning with #Python: Learn How to Deploy Machine Learning Models in Production"" Get it here: amzn.to/38gYRxU  â€”â€”â€”â€”â€” #BigData #DataScience #AI #DataScientists #Coding #NLProc #DeepLearning #NeuralNetworks #100DaysOfCode #EnterpriseAI #MLEngineering https://t.co/ac2VLz5P89",23,6,0,,"['MachineLearning', 'Python', 'BigData', 'DataScience', 'AI', 'DataScientists', 'Coding', 'NLProc', 'DeepLearning', 'NeuralNetworks', '100DaysOfCode', 'EnterpriseAI', 'MLEngineering']"
1644460044967133187,2023-04-07 22:00:01+00:00,"ğŸ‘‰Transform your #XANAGenesis with Rebirth â€“ Right Now!  ğŸ«£Here is a sneak peek of the new clotheğŸ‘•.  The #AI girl looks stunning in her elegant shiny blue gown with purplish bow detailing\, white puffed sleeves\, and bunnyğŸ‘¯â€â™€ï¸headgear.  #XANA $XETA #Metaverse https://t.co/JjSR6Xbl9e",101,29,3,,"['XANAGenesis', 'AI', 'XANA', 'Metaverse']"
1644454989035630592,2023-04-07 21:39:56+00:00,Assume 10 or so â€˜decentralised computeâ€™ cryptos get equal share of all GPUs in crypto. Then $RNDR by tapping into every Apple device with an M1/2/3 chip will have over 100x the compute of other projects.  Thatâ€™s why RNDRâ€™s value proposition is unparalleled.  #gpu #npu #ai,25,7,2,,"['gpu', 'npu', 'ai']"
1644448945530126336,2023-04-07 21:15:55+00:00,$HYPE #BSC IS LIVE  dextools.io/app/en/bnb/paiâ€¦  Massive LAUNCH  1st #AI powered reward token where you arenâ€™t restricted to one coin as a reward  Tg: t.me/Hype_Portal https://t.co/kJDF98FmKe,39,16,55,,"['BSC', 'AI']"
1644448944703918081,2023-04-07 21:15:55+00:00,"Many people are still unaware\, but ChatGPT is the most user-friendly gateway into the tech world\, offering unparalleled ease and speed in bringing any idea to life.   Don't miss out on this cutting-edge opportunity!  #ChatGPT #chatgpt4",60,44,0,,"['ChatGPT', 'chatgpt4']"
1644446355505442816,2023-04-07 21:05:38+00:00,"I asked #ChatGPT what would be the impact of #Feg's #SmartDefi on #Crypto: ""Such a technology could increase investor confidence in the market and attract more capital\, as it would offer a certain degree of price stability and protection against market volatility. ğŸ‘‡ https://t.co/jCjaN8vqTh",32,8,7,,"['ChatGPT', 'Feg', 'SmartDefi', 'Crypto']"
1644445597032943617,2023-04-07 21:02:37+00:00,Just more style experimentation this one has a nice feel to it. #AIart #stablediffusion #AIArtworks #AI #AIã‚¤ãƒ©ã‚¹ãƒˆ https://t.co/gv8Jh6yD7S,30,4,1,,"['AIart', 'stablediffusion', 'AIArtworks', 'AI', 'AIã‚¤ãƒ©ã‚¹ãƒˆ']"
1644445330551758853,2023-04-07 21:01:33+00:00,#chatGPT STAPPHHHH x) https://t.co/EuBuGi9oTt,42,6,4,,['chatGPT']
1644443107612676096,2023-04-07 20:52:43+00:00,Great! Deep Learning with #PyTorch (9-Day Mini-Course) (w/ Py code) machinelearningmastery.com/deep-learning-â€¦ #AI #DataScience #MachineLearning #deeplearning https://t.co/TAfObEmXoU,23,5,0,,"['PyTorch', 'AI', 'DataScience', 'MachineLearning', 'deeplearning']"
1644442490550747140,2023-04-07 20:50:16+00:00,"Cuties don't fade $OPTI the chart is so close breaking out!! Let's go to $1! There is no point resisting\, the bots are here to take over ğŸ¤–ğŸ”¥ğŸš€  #crypto #AI #1000xgem",76,9,11,,"['crypto', 'AI', '1000xgem']"
1644440623854809110,2023-04-07 20:42:51+00:00,#Wanchain is a monster and itâ€™s about to wake up soon. ğŸ‘€  $WAN is getting ready for a new all time high ğŸ’¥  #1000x #Crypto #ChatGPT #USDT #Web3 https://t.co/dnVK5C1SV2,51,6,7,,"['Wanchain', '1000x', 'Crypto', 'ChatGPT', 'USDT', 'Web3']"
1644439067382149178,2023-04-07 20:36:40+00:00,"TÃ©cnica  Well\, the robo-boobsğŸ¤¨ turned out cool\, it wasn't originally planned that wayğŸ˜¶ #BNA #ãƒ“ãƒ¼ã‚¨ãƒŒã‚¨ãƒ¼ #BNAãƒ“ãƒ¼ãƒ»ã‚¨ãƒŒãƒ»ã‚¨ãƒ¼ #bnafanart #brandnewanimal  #AIart #AI #AIã‚¤ãƒ©ã‚¹ãƒˆ #MichiruKagemori #å½±æ£®ã¿ã¡ã‚‹ #furry #ã‚±ãƒ¢ãƒ https://t.co/0na5GdPQQb",74,12,2,,"['BNA', 'ãƒ“ãƒ¼ã‚¨ãƒŒã‚¨ãƒ¼', 'BNAãƒ“ãƒ¼ãƒ»ã‚¨ãƒŒãƒ»ã‚¨ãƒ¼', 'bnafanart', 'brandnewanimal', 'AIart', 'AI', 'AIã‚¤ãƒ©ã‚¹ãƒˆ', 'MichiruKagemori', 'å½±æ£®ã¿ã¡ã‚‹', 'furry', 'ã‚±ãƒ¢ãƒ']"
1644436804982960152,2023-04-07 20:27:41+00:00,"We uploaded the day two #quiz of the sprint Be sure to not miss out on the #prizeğŸ†  Also\, we noticed that are finding our #AI useful in this competition This is what its all about!ğŸ™  Help us help you\, buy &amp; stake $ETHFAI #ETHFAI #Arbitrum #Crypto #Web3 #Crew3 #Zealy https://t.co/vkPhRflrkP",21,10,5,,"['quiz', 'prize', 'AI', 'ETHFAI', 'Arbitrum', 'Crypto', 'Web3', 'Crew3', 'Zealy']"
1644433543324397603,2023-04-07 20:14:43+00:00,"ğŸ”¥Total volume today: 427\,698.40524 USDT   ğŸ†™AI and Blockchain met with Posschain DAO\, and what happened!  #Crypto #poss #BitcoinğŸ“· #btcğŸ“· #bnbğŸ“· #BSC #Binance #USDT  #altcoin #ai #AIArtwork #nft #ElonMusk #chatgpt4 #MEXC https://t.co/7lEiB6OgGN",108,52,18,,"['Crypto', 'poss', 'Bitcoin', 'btc', 'bnb', 'BSC', 'Binance', 'USDT', 'altcoin', 'ai', 'AIArtwork', 'nft', 'ElonMusk', 'chatgpt4', 'MEXC']"
